Species,Scientific Name,Status,Observer,Location,Date
Black-bellied Whistling-Duck,Dendrocygna autumnalis,CONFIRMED,Dendrocygna autumnalis,"New Creek Watershed, Olympia Blvd./Freeborn St. Pond, Richmond, New York, United States","Jul 04, 2025 16:45"
Black-bellied Whistling-Duck,Dendrocygna autumnalis,CONFIRMED,David Ip,"New Creek Watershed, Olympia Blvd./Freeborn St. Pond, Richmond, New York, United States","Jul 04, 2025 15:11"
Black-bellied Whistling-Duck,Dendrocygna autumnalis,CONFIRMED,David Ip,"New Creek Watershed, Olympia Blvd./Freeborn St. Pond, Richmond, New York, United States","Jul 04, 2025 14:37"
Black-bellied Whistling-Duck,Dendrocygna autumnalis,CONFIRMED,Ray Duffy,"New Creek Watershed, Olympia Blvd./Freeborn St. Pond, Richmond, New York, United States","Jul 04, 2025 12:51"
Black-bellied Whistling-Duck,Dendrocygna autumnalis,CONFIRMED,Ray Duffy,"New Creek Watershed, Olympia Blvd./Freeborn St. Pond, Richmond, New York, United States","Jul 04, 2025 10:28"
Black-bellied Whistling-Duck,Dendrocygna autumnalis,CONFIRMED,Chris Kennelly,"New Creek Watershed, Olympia Blvd./Freeborn St. Pond, Richmond, New York, United States","Jul 04, 2025 10:28"
Black-bellied Whistling-Duck,Dendrocygna autumnalis,CONFIRMED,Chris Kennelly,"New Creek Watershed, Olympia Blvd./Freeborn St. Pond, Richmond, New York, United States","Jul 03, 2025 15:43"
Black-bellied Whistling-Duck,Dendrocygna autumnalis,CONFIRMED,Catherine Barron,"New Creek Watershed, Olympia Blvd./Freeborn St. Pond, Richmond, New York, United States","Jul 03, 2025 09:47"
Black-bellied Whistling-Duck,Dendrocygna autumnalis,CONFIRMED,Catherine Barron,"New Creek Watershed, Olympia Blvd./Freeborn St. Pond, Richmond, New York, United States","Jul 02, 2025 15:21"
Black-bellied Whistling-Duck,Dendrocygna autumnalis,CONFIRMED,Xinyi Z,"New Creek Watershed, Olympia Blvd./Freeborn St. Pond, Richmond, New York, United States","Jul 02, 2025 15:05"
Black-bellied Whistling-Duck,Dendrocygna autumnalis,CONFIRMED,Xinyi Z,"New Creek Watershed, Olympia Blvd./Freeborn St. Pond, Richmond, New York, United States","Jul 02, 2025 15:05"
Black-bellied Whistling-Duck,Dendrocygna autumnalis,CONFIRMED,D K,"New Creek Watershed, Olympia Blvd./Freeborn St. Pond, Richmond, New York, United States","Jul 02, 2025 15:05"
Black-bellied Whistling-Duck,Dendrocygna autumnalis,CONFIRMED,D K,"New Creek Watershed, Olympia Blvd./Freeborn St. Pond, Richmond, New York, United States","Jul 02, 2025 12:48"
Black-bellied Whistling-Duck,Dendrocygna autumnalis,UNCONFIRMED,Anthony V. Ciancimino,"New Creek Watershed, observation Platform Freeborn St, Richmond, New York, United States","Jul 04, 2025 10:20"
Snow Goose,Anser caerulescens,UNCONFIRMED,Anthony V. Ciancimino,"Channel View School, Queens, New York, United States","Jul 02, 2025 09:50"
Cackling Goose,Branta hutchinsii,UNCONFIRMED,Jeff Stetson,"Feeder Ditch, Middleport, New York, US (43.119, -78.43), Genesee, New York, United States","Jul 04, 2025 11:45"
Mute Swan,Cygnus olor,CONFIRMED,Jeff Stetson,"Inwood Hill Park, New York, New York, United States","Jul 01, 2025 07:06"
Mute Swan,Cygnus olor,UNCONFIRMED,Anthony V. Ciancimino,"Roosevelt Island--Lighthouse Park (S to Main St.), New York, New York, United States","Jul 04, 2025 11:09"
Trumpeter Swan,Cygnus buccinator,CONFIRMED,Anthony V. Ciancimino,"Jaketown Road - Hunter Lake, Sullivan, New York, United States","Jun 29, 2025 10:50"
Trumpeter Swan,Cygnus buccinator,CONFIRMED,terry VP,"Jaketown Road 41.719818, -74.90438, Sullivan, New York, United States","Jul 01, 2025 12:23"
Northern Shoveler,Spatula clypeata,UNCONFIRMED,terry VP,"19 Brongo Ln, Spencerport US-NY 43.17137, -77.74825, Monroe, New York, United States","Jun 28, 2025 19:43"
Gadwall,Mareca strepera,UNCONFIRMED,Ryan Goldberg,"Piermont Pier, Rockland, New York, United States","Jul 03, 2025 09:48"
Gadwall,Mareca strepera,CONFIRMED,Ryan Goldberg,"Piermont Pier, Rockland, New York, United States","Jul 03, 2025 07:55"
Gadwall,Mareca strepera,CONFIRMED,Tom Preston,"Piermont Pier, Rockland, New York, United States","Jul 03, 2025 05:46"
Gadwall,Mareca strepera,CONFIRMED,Tom Preston,"Piermont Pier, Rockland, New York, United States","Jul 02, 2025 07:58"
Gadwall,Mareca strepera,CONFIRMED,Cliff Hagen,"Piermont Pier, Rockland, New York, United States","Jul 01, 2025 08:08"
Gadwall,Mareca strepera,CONFIRMED,Cliff Hagen,"Piermont Pier, Rockland, New York, United States","Jul 01, 2025 07:14"
Gadwall,Mareca strepera,CONFIRMED,Marie King,"Piermont Pier, Rockland, New York, United States","Jul 01, 2025 05:28"
Gadwall,Mareca strepera,CONFIRMED,Marie King,"Piermont Pier, Rockland, New York, United States","Jun 30, 2025 18:12"
American Wigeon,Mareca americana,CONFIRMED,Jeff G,"Oswego Harbor, Oswego, New York, United States","Jul 01, 2025 06:41"
Green-winged Teal,Anas crecca,CONFIRMED,Jeff G,"Jamaica Bay Wildlife Refuge--Terrapin Point, Brooklyn, Kings, New York, United States","Jul 03, 2025 09:36"
Green-winged Teal (American),Anas crecca carolinensis,CONFIRMED,Matthew Slominski,"Jamaica Bay Wildlife Refuge--West Pond, Queens, New York, United States","Jul 04, 2025 05:51"
Green-winged Teal,Anas crecca,CONFIRMED,Matthew Slominski,"Jamaica Bay Wildlife Refuge--West Pond, Queens, New York, United States","Jun 30, 2025 15:30"
Green-winged Teal,Anas crecca,CONFIRMED,Birding Spouses,"Jones Beach SP, Nassau, New York, United States","Jul 02, 2025 13:12"
Green-winged Teal,Anas crecca,CONFIRMED,Birding Spouses,"Jones Beach SP--Hawkwatch, Nassau, New York, United States","Jul 02, 2025 14:08"
Green-winged Teal,Anas crecca,CONFIRMED,Yehonatan Zohar,"Jones Beach SP--Hawkwatch, Nassau, New York, United States","Jul 02, 2025 14:02"
Green-winged Teal,Anas crecca,CONFIRMED,Yehonatan Zohar,"Ponquogue Bridge, Suffolk, New York, United States","Jul 02, 2025 10:39"
Canvasback,Aythya valisineria,CONFIRMED,Carl Biers,"Breitbeck Park, Oswego, New York, United States","Jun 29, 2025 18:20"
Redhead,Aythya americana,CONFIRMED,Carl Biers,"Redheads - East Shore Drive, Ithaca, New York, US (42.467, -76.501), Tompkins, New York, United States","Jul 02, 2025 08:04"
Redhead,Aythya americana,CONFIRMED,scott baldinger,"Redheads - East Shore Drive, Ithaca, New York, US (42.467, -76.501), Tompkins, New York, United States","Jun 30, 2025 07:20"
Redhead,Aythya americana,CONFIRMED,scott baldinger,"Stewart Park, Tompkins, New York, United States","Jul 03, 2025 08:31"
Redhead,Aythya americana,CONFIRMED,Conor McGarry,"Stewart Park, Tompkins, New York, United States","Jun 30, 2025 15:46"
Ring-necked Duck,Aythya collaris,UNCONFIRMED,Conor McGarry,"Heckscher SP, East Islip, Suffolk, New York, United States","Jul 03, 2025 07:01"
Ring-necked Duck,Aythya collaris,UNCONFIRMED,John Dow,"William Clough Preserve, Putnam, New York, United States","Jul 03, 2025 07:14"
Greater Scaup,Aythya marila,CONFIRMED,John Dow,"Great Gull Island, Suffolk, New York, United States","Jul 02, 2025 09:00"
Greater Scaup,Aythya marila,UNCONFIRMED,Linda Pistolesi,"Seaside Wildlife Nature Park, Richmond, New York, United States","Jul 04, 2025 09:00"
Greater Scaup,Aythya marila,CONFIRMED,Linda Pistolesi,"Seaside Wildlife Nature Park, Richmond, New York, United States","Jul 03, 2025 12:20"
Greater Scaup,Aythya marila,CONFIRMED,Zach Schwartz-Weinstein,"Seaside Wildlife Nature Park, Richmond, New York, United States","Jul 03, 2025 08:35"
Greater Scaup,Aythya marila,CONFIRMED,Zach Schwartz-Weinstein,"Seaside Wildlife Nature Park, Richmond, New York, United States","Jul 02, 2025 18:47"
Lesser Scaup,Aythya affinis,CONFIRMED,Linda Pistolesi,"Jamaica Bay Wildlife Refuge--West Pond, Queens, New York, United States","Jul 04, 2025 09:10"
Lesser Scaup,Aythya affinis,UNCONFIRMED,Linda Pistolesi,"Niagara--Upper Falls (NY), Niagara, New York, United States","Jul 03, 2025 19:40"
Lesser Scaup,Aythya affinis,CONFIRMED,Linda Pistolesi,"Seaside Wildlife Nature Park, Richmond, New York, United States","Jul 03, 2025 12:20"
Lesser Scaup,Aythya affinis,CONFIRMED,Linda Pistolesi,"Seaside Wildlife Nature Park, Richmond, New York, United States","Jul 03, 2025 08:35"
Lesser Scaup,Aythya affinis,CONFIRMED,John Dow,"Seaside Wildlife Nature Park, Richmond, New York, United States","Jul 02, 2025 18:47"
Lesser Scaup,Aythya affinis,CONFIRMED,John Dow,"Seaside Wildlife Nature Park, Richmond, New York, United States","Jun 30, 2025 14:12"
Black Scoter,Melanitta americana,CONFIRMED,Zach Schwartz-Weinstein,"Breezy Point Tip, Queens, New York, United States","Jun 30, 2025 07:43"
Black Scoter,Melanitta americana,CONFIRMED,Zach Schwartz-Weinstein,"Franklin D. Roosevelt Boardwalk and Beach--Ocean Breeze Fishing Pier, Richmond, New York, United States","Jul 02, 2025 08:08"
Black Scoter,Melanitta americana,UNCONFIRMED,Linda Pistolesi,"Plumb Beach, Kings, New York, United States","Jul 05, 2025 06:10"
Black Scoter,Melanitta americana,CONFIRMED,Linda Pistolesi,"Plumb Beach, Kings, New York, United States","Jul 03, 2025 06:32"
Black Scoter,Melanitta americana,CONFIRMED,Gregg Dashnau,"Plumb Beach, Kings, New York, United States","Jul 02, 2025 05:59"
Black Scoter,Melanitta americana,CONFIRMED,Gregg Dashnau,"Plumb Beach, Kings, New York, United States","Jul 02, 2025 05:59"
Black Scoter,Melanitta americana,CONFIRMED,John Huggard,"Plumb Beach, Kings, New York, United States","Jul 01, 2025 06:25"
Long-tailed Duck,Clangula hyemalis,CONFIRMED,John Huggard,"Breezy Point Tip, Queens, New York, United States","Jul 03, 2025 09:47"
Long-tailed Duck,Clangula hyemalis,CONFIRMED,Corey Finger,"Breezy Point Tip, Queens, New York, United States","Jul 01, 2025 11:04"
Long-tailed Duck,Clangula hyemalis,CONFIRMED,Corey Finger,"Breezy Point Tip, Queens, New York, United States","Jun 30, 2025 07:43"
Long-tailed Duck,Clangula hyemalis,CONFIRMED,Jonathan Green,"Breezy Point Tip, Queens, New York, United States","Jun 29, 2025 10:31"
Long-tailed Duck,Clangula hyemalis,CONFIRMED,Jonathan Green,"Breezy Point Tip, Queens, New York, United States","Jun 29, 2025 10:31"
Long-tailed Duck,Clangula hyemalis,UNCONFIRMED,Lisa Wollerstein,"Edith G. Read Wildlife Sanctuary, Westchester, New York, United States","Jul 02, 2025 15:55"
Long-tailed Duck,Clangula hyemalis,CONFIRMED,Lisa Wollerstein,"Piermont Pier, Rockland, New York, United States","Jun 28, 2025 15:21"
Bufflehead,Bucephala albeola,CONFIRMED,Shai Mitra,"Jamaica Bay Wildlife Refuge, Queens, New York, United States","Jun 29, 2025 08:05"
Bufflehead,Bucephala albeola,CONFIRMED,Shai Mitra,"Jamaica Bay Wildlife Refuge, Queens, New York, United States","Jun 29, 2025 08:05"
Bufflehead,Bucephala albeola,CONFIRMED,Patricia Aitken,"Jamaica Bay Wildlife Refuge--West Pond, Queens, New York, United States","Jul 04, 2025 09:10"
Bufflehead,Bucephala albeola,CONFIRMED,Patricia Aitken,"Jamaica Bay Wildlife Refuge--West Pond, Queens, New York, United States","Jul 04, 2025 07:16"
Bufflehead,Bucephala albeola,CONFIRMED,Thomas Moran,"Jamaica Bay Wildlife Refuge--West Pond, Queens, New York, United States","Jul 04, 2025 05:51"
Bufflehead,Bucephala albeola,CONFIRMED,Thomas Moran,"Jamaica Bay Wildlife Refuge--West Pond, Queens, New York, United States","Jun 30, 2025 13:58"
Bufflehead,Bucephala albeola,CONFIRMED,Sam Beguin,"Jamaica Bay Wildlife Refuge--West Pond, Queens, New York, United States","Jun 30, 2025 09:43"
Bufflehead,Bucephala albeola,CONFIRMED,Sam Beguin,"Jamaica Bay Wildlife Refuge--West Pond, Queens, New York, United States","Jun 30, 2025 07:49"
Bufflehead,Bucephala albeola,CONFIRMED,Duane Otto,"Jamaica Bay Wildlife Refuge--West Pond, Queens, New York, United States","Jun 30, 2025 07:49"
Bufflehead,Bucephala albeola,CONFIRMED,Duane Otto,"Jamaica Bay Wildlife Refuge--West Pond, Queens, New York, United States","Jun 29, 2025 09:44"
Bufflehead,Bucephala albeola,CONFIRMED,Duane Otto,"Jamaica Bay Wildlife Refuge--West Pond, Queens, New York, United States","Jun 29, 2025 06:29"
Bufflehead,Bucephala albeola,CONFIRMED,Duane Otto,"Piermont Pier, Rockland, New York, United States","Jul 05, 2025 05:45"
Bufflehead,Bucephala albeola,CONFIRMED,Zoë Lunau,"Piermont Pier, Rockland, New York, United States","Jul 04, 2025 10:29"
Hooded Merganser,Lophodytes cucullatus,CONFIRMED,Zoë Lunau,"Hempstead Lake SP, Nassau, New York, United States","Jun 29, 2025 08:46"
Hooded Merganser,Lophodytes cucullatus,CONFIRMED,Tom Schulenberg,"Hempstead Lake SP, Nassau, New York, United States","Jun 29, 2025 08:46"
Hooded Merganser,Lophodytes cucullatus,CONFIRMED,Tom Schulenberg,"Inwood Hill Park, New York, New York, United States","Jul 01, 2025 17:20"
Hooded Merganser,Lophodytes cucullatus,CONFIRMED,Lisa Nasta,"Inwood Hill Park, New York, New York, United States","Jul 01, 2025 16:26"
Hooded Merganser,Lophodytes cucullatus,CONFIRMED,Lisa Nasta,"Inwood Hill Park, New York, New York, United States","Jul 01, 2025 07:06"
Hooded Merganser,Lophodytes cucullatus,CONFIRMED,Charlie Roberto,"North Reservoir, New York, New York, United States","Jun 29, 2025 15:30"
Hooded Merganser,Lophodytes cucullatus,UNCONFIRMED,Charlie Roberto,"Tibbetts Brook Park, Westchester, New York, United States","Jul 04, 2025 15:28"
Common Merganser,Mergus merganser,CONFIRMED,Emily Winslow,"Wertheim NWR--Lower Carman's River, Suffolk, New York, United States","Jul 04, 2025 06:43"
Red-breasted Merganser,Mergus serrator,UNCONFIRMED,Emily Winslow,"Bay Rd-Town Beach, Essex, New York, United States","Jun 30, 2025 06:48"
Ruddy Duck,Oxyura jamaicensis,CONFIRMED,David Ip,"Jamaica Bay Wildlife Refuge--Terrapin Point, Brooklyn, Kings, New York, United States","Jul 03, 2025 09:36"
Ruddy Duck,Oxyura jamaicensis,CONFIRMED,David Ip,"Jamaica Bay Wildlife Refuge--Terrapin Point, Brooklyn, Kings, New York, United States","Jun 29, 2025 08:56"
Ruddy Duck,Oxyura jamaicensis,UNCONFIRMED,Cliff Hagen,"Onondaga Lake Park--Marshy Spits Area, Onondaga, New York, United States","Jul 04, 2025 07:59"
Northern Bobwhite,Colinus virginianus,CONFIRMED,Cliff Hagen,"Greentree Woods, Nassau, New York, United States","Jul 02, 2025 14:46"
Northern Bobwhite,Colinus virginianus,CONFIRMED,Jeff Stetson,"Sims-Jennings Preserve at Cayuga Cliffs (FLLT), Tompkins, New York, United States","Jun 29, 2025 19:28"
Eastern Whip-poor-will,Antrostomus vociferus,CONFIRMED,Jeff Stetson,"409–499 Martin Rd, Cleveland US-NY 43.27382, -75.89080, Oswego, New York, United States","Jul 02, 2025 21:27"
Eastern Whip-poor-will,Antrostomus vociferus,CONFIRMED,Trevor Dudley,"River Road, Forestport, New York, US (43.458, -75.216), Oneida, New York, United States","Jun 30, 2025 20:45"
Eastern Whip-poor-will,Antrostomus vociferus,CONFIRMED,Trevor Dudley,"Roosevelt Road Sand Pits, Oswego, New York, United States","Jul 01, 2025 04:08"
Eastern Whip-poor-will,Antrostomus vociferus,CONFIRMED,Peter Paul,"Roosevelt Road Sand Pits, Oswego, New York, United States","Jun 30, 2025 04:27"
Ruby-throated Hummingbird,Archilochus colubris,UNCONFIRMED,Peter Paul,"Central Park, New York US-NY 40.79496, -73.95857, New York, New York, United States","Jul 04, 2025 16:09"
Ruby-throated Hummingbird,Archilochus colubris,CONFIRMED,Teresa Vincent,"Central Park, New York US-NY 40.79496, -73.95857, New York, New York, United States","Jul 03, 2025 16:53"
Ruby-throated Hummingbird,Archilochus colubris,CONFIRMED,Teresa Vincent,"Central Park--North End (N of 97th St. Transverse), New York, New York, United States","Jul 02, 2025 17:02"
Ruby-throated Hummingbird,Archilochus colubris,CONFIRMED,Cliff Hagen,"Central Park--North End (N of 97th St. Transverse), New York, New York, United States","Jul 02, 2025 17:02"
Ruby-throated Hummingbird,Archilochus colubris,UNCONFIRMED,Cliff Hagen,"Central Park--The Pool, New York, New York, United States","Jul 04, 2025 16:30"
Ruby-throated Hummingbird,Archilochus colubris,CONFIRMED,Jeff Stetson,"Central Park--The Ravine (incl. The Loch), New York, New York, United States","Jul 03, 2025 10:32"
Ruby-throated Hummingbird,Archilochus colubris,CONFIRMED,Jeff Stetson,"Central Park--The Ravine (incl. The Loch), New York, New York, United States","Jul 03, 2025 07:45"
Ruby-throated Hummingbird,Archilochus colubris,CONFIRMED,Trevor Dudley,"Central Park--The Ravine (incl. The Loch), New York, New York, United States","Jul 01, 2025 10:08"
Ruby-throated Hummingbird,Archilochus colubris,CONFIRMED,Trevor Dudley,"The Loch in Central Park, New York, New York, United States","Jul 02, 2025 13:30"
King x Clapper Rail (hybrid),Rallus elegans x crepitans,CONFIRMED,Anthony V. Ciancimino,"Timber Point Golf Course--East Marina, Suffolk, New York, United States","Jun 29, 2025 07:34"
Virginia Rail,Rallus limicola,CONFIRMED,Anthony V. Ciancimino,"Arshamomaque Preserve, Suffolk, New York, United States","Jul 04, 2025 09:36"
Common Gallinule,Gallinula galeata,CONFIRMED,Peter Paul,"Birdseye Hollow Dam and Woods, Steuben, New York, United States","Jul 05, 2025 09:47"
American Coot,Fulica americana,CONFIRMED,Peter Paul,"Smith Pond, Rockville Center, Nassau, New York, United States","Jun 29, 2025 10:15"
Purple Gallinule,Porphyrio martinica,UNCONFIRMED,John Gavrity,"Clay Pit Ponds State Park Preserve, Richmond, New York, United States","Jul 04, 2025 11:52"
Purple Gallinule,Porphyrio martinica,CONFIRMED,John Gavrity,"Sharrotts Pond, Richmond, New York, United States","Jul 04, 2025 18:08"
Purple Gallinule,Porphyrio martinica,CONFIRMED,Peter Paul,"Sharrotts Pond, Richmond, New York, United States","Jul 04, 2025 09:42"
Purple Gallinule,Porphyrio martinica,CONFIRMED,Peter Paul,"Sharrotts Pond, Richmond, New York, United States","Jul 04, 2025 09:12"
Purple Gallinule,Porphyrio martinica,CONFIRMED,Peter Paul,"Sharrotts Pond, Richmond, New York, United States","Jul 04, 2025 09:12"
Purple Gallinule,Porphyrio martinica,CONFIRMED,Peter Paul,"Sharrotts Pond, Richmond, New York, United States","Jul 04, 2025 09:01"
Purple Gallinule,Porphyrio martinica,CONFIRMED,MCHL ____,"Sharrotts Pond, Richmond, New York, United States","Jul 04, 2025 09:01"
Purple Gallinule,Porphyrio martinica,CONFIRMED,MCHL ____,"Sharrotts Pond, Richmond, New York, United States","Jul 04, 2025 08:32"
Purple Gallinule,Porphyrio martinica,CONFIRMED,Peter Paul,"Sharrotts Pond, Richmond, New York, United States","Jul 04, 2025 07:45"
Purple Gallinule,Porphyrio martinica,CONFIRMED,Peter Paul,"Sharrotts Pond, Richmond, New York, United States","Jul 04, 2025 06:42"
Purple Gallinule,Porphyrio martinica,CONFIRMED,Peter Paul,"Sharrotts Pond, Richmond, New York, United States","Jul 03, 2025 07:06"
Purple Gallinule,Porphyrio martinica,CONFIRMED,Peter Paul,"Sharrotts Pond, Richmond, New York, United States","Jul 03, 2025 07:00"
Purple Gallinule,Porphyrio martinica,CONFIRMED,Peter Paul,"Sharrotts Pond, Richmond, New York, United States","Jul 02, 2025 16:34"
Purple Gallinule,Porphyrio martinica,CONFIRMED,Peter Paul,"Sharrotts Pond, Richmond, New York, United States","Jul 02, 2025 12:55"
Purple Gallinule,Porphyrio martinica,CONFIRMED,Peter Paul,"Sharrotts Pond, Richmond, New York, United States","Jul 02, 2025 11:46"
Sandhill Crane,Antigone canadensis,CONFIRMED,Peter Paul,"9275 U.S. 62, Gowanda, New York, US (42.407, -78.995), Cattaraugus, New York, United States","Jun 29, 2025 08:24"
Sandhill Crane,Antigone canadensis,CONFIRMED,Peter Paul,"Tonawanda WMA--Sprout Marsh, Niagara, New York, United States","Jun 29, 2025 09:56"
Sandhill Crane,Antigone canadensis,UNCONFIRMED,Peter Paul,"Uihlein Foundation--Uihlein Farm (Private/Restricted Access), Essex, New York, United States","Jul 02, 2025 08:27"
Sandhill Crane,Antigone canadensis,UNCONFIRMED,Nate L-S,"Uihlein Foundation--Uihlein Farm (Private/Restricted Access), Essex, New York, United States","Jun 30, 2025 15:17"
Black-necked Stilt,Himantopus mexicanus,CONFIRMED,Nate L-S,"Jones Beach SP, Nassau, New York, United States","Jul 02, 2025 13:12"
Black-necked Stilt,Himantopus mexicanus,CONFIRMED,Julian Elman,"Jones Beach SP, Nassau, New York, United States","Jul 02, 2025 11:45"
Black-necked Stilt,Himantopus mexicanus,CONFIRMED,Julian Elman,"Jones Beach SP--Hawkwatch, Nassau, New York, United States","Jul 02, 2025 14:08"
Black-necked Stilt,Himantopus mexicanus,CONFIRMED,Gail Benson,"Jones Beach SP--Hawkwatch, Nassau, New York, United States","Jul 02, 2025 14:02"
Black-necked Stilt,Himantopus mexicanus,CONFIRMED,Gail Benson,"Jones Beach SP--Hawkwatch, Nassau, New York, United States","Jul 02, 2025 13:41"
Black-necked Stilt,Himantopus mexicanus,CONFIRMED,Eric Mitchell,"Jones Beach SP--Hawkwatch, Nassau, New York, United States","Jul 02, 2025 13:41"
Black-necked Stilt,Himantopus mexicanus,CONFIRMED,Eric Mitchell,"Jones Beach SP--West End, Nassau, New York, United States","Jul 02, 2025 11:15"
Black-bellied Plover,Pluvialis squatarola,UNCONFIRMED,M A,"Coney Island Pier, Kings, New York, United States","Jun 30, 2025 10:05"
Semipalmated Plover,Charadrius semipalmatus,UNCONFIRMED,M A,"Plumb Beach, Kings, New York, United States","Jul 05, 2025 06:10"
Semipalmated Plover,Charadrius semipalmatus,CONFIRMED,Sam Younger,"Plumb Beach, Kings, New York, United States","Jul 04, 2025 11:55"
Semipalmated Plover,Charadrius semipalmatus,UNCONFIRMED,Sam Younger,"Shirley Chisholm SP (Pennsylvania Ave. Landfill), Kings, New York, United States","Jul 04, 2025 13:18"
Short-billed Dowitcher,Limnodromus griseus,UNCONFIRMED,Peter Paul,"Plumb Beach, Kings, New York, United States","Jul 05, 2025 06:10"
Short-billed Dowitcher (hendersoni),Limnodromus griseus hendersoni,UNCONFIRMED,Peter Paul,"Plumb Beach, Kings, New York, United States","Jul 05, 2025 06:10"
Short-billed Dowitcher,Limnodromus griseus,CONFIRMED,Sameer Ajmani,"Plumb Beach, Kings, New York, United States","Jul 04, 2025 08:00"
Short-billed Dowitcher,Limnodromus griseus,CONFIRMED,Sameer Ajmani,"Plumb Beach, Kings, New York, United States","Jul 01, 2025 09:31"
Short-billed Dowitcher,Limnodromus griseus,CONFIRMED,Corey Finger,"Plumb Beach, Kings, New York, United States","Jul 01, 2025 06:25"
Short-billed Dowitcher,Limnodromus griseus,CONFIRMED,Corey Finger,"Summerville Pier, Monroe, New York, United States","Jul 01, 2025 17:21"
Solitary Sandpiper,Tringa solitaria,UNCONFIRMED,Rusty H,"Sheldrake Lake (Larchmont Reservoir), Westchester, New York, United States","Jul 05, 2025 11:55"
Lesser Yellowlegs,Tringa flavipes,CONFIRMED,Rusty H,"Jamaica Bay Wildlife Refuge--Terrapin Point, Brooklyn, Kings, New York, United States","Jul 03, 2025 09:36"
Willet (Western),Tringa semipalmata inornata,CONFIRMED,Jonathan Green,"Breezy Point Tip, Queens, New York, United States","Jul 03, 2025 09:47"
Willet (Western),Tringa semipalmata inornata,CONFIRMED,Jonathan Green,"Dunkirk Beach, Lake Front Blvd., Chautauqua, New York, United States","Jul 02, 2025 06:15"
Willet,Tringa semipalmata,CONFIRMED,Julius Marinov,"Dunkirk Beach, Lake Front Blvd., Chautauqua, New York, United States","Jul 01, 2025 10:11"
Willet,Tringa semipalmata,CONFIRMED,Julius Marinov,"Dunkirk Harbor, Chautauqua, New York, United States","Jul 01, 2025 07:44"
Greater Yellowlegs,Tringa melanoleuca,CONFIRMED,bat mclellan 🦇,"Calvert Vaux Park (Dreier-Offerman Park), Kings, New York, United States","Jul 03, 2025 06:42"
Greater Yellowlegs,Tringa melanoleuca,CONFIRMED,bat mclellan 🦇,"Jamaica Bay Wildlife Refuge--Terrapin Point, Brooklyn, Kings, New York, United States","Jul 03, 2025 09:36"
Greater Yellowlegs,Tringa melanoleuca,UNCONFIRMED,Johan Alexandersson,"Plumb Beach, Kings, New York, United States","Jul 05, 2025 06:10"
Greater Yellowlegs,Tringa melanoleuca,CONFIRMED,Johan Alexandersson,"Plumb Beach, Kings, New York, United States","Jul 03, 2025 06:32"
Greater Yellowlegs,Tringa melanoleuca,CONFIRMED,John Huggard,"Plumb Beach, Kings, New York, United States","Jul 02, 2025 06:51"
Greater Yellowlegs,Tringa melanoleuca,CONFIRMED,John Huggard,"Plumb Beach, Kings, New York, United States","Jul 02, 2025 05:59"
Greater Yellowlegs,Tringa melanoleuca,CONFIRMED,Zach Schwartz-Weinstein,"Plumb Beach, Kings, New York, United States","Jul 02, 2025 05:59"
Greater Yellowlegs,Tringa melanoleuca,CONFIRMED,Zach Schwartz-Weinstein,"Plumb Beach, Kings, New York, United States","Jul 01, 2025 09:31"
Greater Yellowlegs,Tringa melanoleuca,CONFIRMED,Linda Pistolesi,"Plumb Beach, Kings, New York, United States","Jul 01, 2025 06:25"
Greater Yellowlegs,Tringa melanoleuca,CONFIRMED,Linda Pistolesi,"Plumb Beach, Kings, New York, United States","Jun 30, 2025 05:42"
Stilt Sandpiper,Calidris himantopus,CONFIRMED,Matthew Fischer,"Jones Beach SP, Nassau, New York, United States","Jul 02, 2025 13:12"
Stilt Sandpiper,Calidris himantopus,CONFIRMED,Matthew Fischer,"Jones Beach SP--Hawkwatch, Nassau, New York, United States","Jul 03, 2025 12:45"
Stilt Sandpiper,Calidris himantopus,CONFIRMED,Cheryl D,"Jones Beach SP--Hawkwatch, Nassau, New York, United States","Jul 02, 2025 14:08"
Stilt Sandpiper,Calidris himantopus,CONFIRMED,Cheryl D,"Jones Beach SP--Hawkwatch, Nassau, New York, United States","Jul 02, 2025 14:02"
Stilt Sandpiper,Calidris himantopus,UNCONFIRMED,Birding Spouses,"Jones Beach SP--West End (Field 2), Nassau, New York, United States","Jul 03, 2025 07:25"
Least Sandpiper,Calidris minutilla,UNCONFIRMED,Birding Spouses,"Governors Island (N.Y. County), New York, New York, United States","Jul 04, 2025 08:47"
Least Sandpiper,Calidris minutilla,UNCONFIRMED,Birding Spouses,"Plumb Beach, Kings, New York, United States","Jul 05, 2025 06:10"
Dovekie,Alle alle,CONFIRMED,Birding Spouses,"Shinnecock Inlet, west, Suffolk, New York, United States","Jun 30, 2025 06:40"
Little Gull,Hydrocoloeus minutus,UNCONFIRMED,Birding Spouses,"Olcott Pier, Niagara, New York, United States","Jul 03, 2025 10:02"
Little Gull,Hydrocoloeus minutus,CONFIRMED,Birding Spouses,"Sodus Bay - channel by Coast Guard Station, Wayne, New York, United States","Jul 01, 2025 15:38"
Little Gull,Hydrocoloeus minutus,CONFIRMED,Anonymous eBirder,"Sodus Bay--Sodus Point, Wayne, New York, United States","Jul 01, 2025 15:00"
Little Gull,Hydrocoloeus minutus,CONFIRMED,Anonymous eBirder,"Sodus Bay--Sodus Point, Wayne, New York, United States","Jul 01, 2025 14:04"
Bonaparte's Gull,Chroicocephalus philadelphia,CONFIRMED,Larissa Breedlove,"93 S Cayuga St, Union Springs US-NY 42.83741, -76.69428, Cayuga, New York, United States","Jun 28, 2025 14:43"
Bonaparte's Gull,Chroicocephalus philadelphia,CONFIRMED,Larissa Breedlove,"FLX Marine (Frontenac marina) (private), Cayuga, New York, United States","Jul 04, 2025 14:23"
Bonaparte's Gull,Chroicocephalus philadelphia,CONFIRMED,Brian M,"FLX Marine (Frontenac marina) (private), Cayuga, New York, United States","Jun 28, 2025 14:41"
Bonaparte's Gull,Chroicocephalus philadelphia,CONFIRMED,Brian M,"FLX Marine (Frontenac marina) (private), Cayuga, New York, United States","Jun 28, 2025 14:41"
Bonaparte's Gull,Chroicocephalus philadelphia,CONFIRMED,Marc Turk,"FLX Marine (Frontenac marina) (private), Cayuga, New York, United States","Jun 28, 2025 14:41"
Bonaparte's Gull,Chroicocephalus philadelphia,CONFIRMED,Marc Turk,"FLX Marine (Frontenac marina) (private), Cayuga, New York, United States","Jun 28, 2025 14:41"
Bonaparte's Gull,Chroicocephalus philadelphia,CONFIRMED,John Huggard,"FLX Marine (Frontenac marina) (private), Cayuga, New York, United States","Jun 28, 2025 14:41"
Bonaparte's Gull,Chroicocephalus philadelphia,CONFIRMED,John Huggard,"FLX Marine (Frontenac marina) (private), Cayuga, New York, United States","Jun 28, 2025 14:41"
Bonaparte's Gull,Chroicocephalus philadelphia,CONFIRMED,John Huggard,"FLX Marine (Frontenac marina) (private), Cayuga, New York, United States","Jun 28, 2025 14:41"
Bonaparte's Gull,Chroicocephalus philadelphia,CONFIRMED,John Huggard,"FLX Marine (Frontenac marina) (private), Cayuga, New York, United States","Jun 28, 2025 14:41"
Bonaparte's Gull,Chroicocephalus philadelphia,CONFIRMED,Alan Middleton,"FLX Marine (Frontenac marina) (private), Cayuga, New York, United States","Jun 28, 2025 14:41"
Bonaparte's Gull,Chroicocephalus philadelphia,CONFIRMED,Alan Middleton,"FLX Marine (Frontenac marina) (private), Cayuga, New York, United States","Jun 28, 2025 14:41"
Bonaparte's Gull,Chroicocephalus philadelphia,CONFIRMED,Richard Haimes,"FLX Marine (Frontenac marina) (private), Cayuga, New York, United States","Jun 28, 2025 14:41"
Bonaparte's Gull,Chroicocephalus philadelphia,CONFIRMED,Richard Haimes,"FLX Marine (Frontenac marina) (private), Cayuga, New York, United States","Jun 28, 2025 14:41"
Bonaparte's Gull,Chroicocephalus philadelphia,CONFIRMED,Sharon Dounce,"FLX Marine (Frontenac marina) (private), Cayuga, New York, United States","Jun 28, 2025 14:41"
Franklin's Gull,Leucophaeus pipixcan,CONFIRMED,Sharon Dounce,"Olcott Pier, Niagara, New York, United States","Jun 29, 2025 06:31"
Franklin's Gull,Leucophaeus pipixcan,CONFIRMED,Bill Purcell,"Sodus Bay--Sodus Point, Wayne, New York, United States","Jul 01, 2025 14:04"
Lesser Black-backed Gull,Larus fuscus,CONFIRMED,Bill Purcell,"Braddock Bay Park--Hawk Watch, Monroe, New York, United States","Jun 30, 2025 16:00"
Lesser Black-backed Gull,Larus fuscus,UNCONFIRMED,Michael DeWispelaere,"Coney Island Pier, Kings, New York, United States","Jun 30, 2025 10:05"
Lesser Black-backed Gull,Larus fuscus,CONFIRMED,Michael DeWispelaere,"Crescent Beach & Edgemere Dr., Greece, Monroe, New York, United States","Jul 02, 2025 13:15"
Lesser Black-backed Gull,Larus fuscus,CONFIRMED,Mickey Scilingo,"Fort Tilden, Queens, New York, United States","Jul 02, 2025 11:52"
Lesser Black-backed Gull,Larus fuscus,UNCONFIRMED,Mickey Scilingo,"Olcott Pier, Niagara, New York, United States","Jul 04, 2025 11:42"
Lesser Black-backed Gull,Larus fuscus,UNCONFIRMED,Mickey Scilingo,"Olcott Pier, Niagara, New York, United States","Jul 04, 2025 09:03"
Lesser Black-backed Gull,Larus fuscus,CONFIRMED,Mickey Scilingo,"Ontario Beach and Charlotte Pier, Monroe, New York, United States","Jul 04, 2025 06:31"
Lesser Black-backed Gull,Larus fuscus,CONFIRMED,Anonymous eBirder,"Ontario Beach and Charlotte Pier, Monroe, New York, United States","Jul 03, 2025 10:15"
Lesser Black-backed Gull,Larus fuscus,CONFIRMED,Anonymous eBirder,"Ontario Beach and Charlotte Pier, Monroe, New York, United States","Jul 03, 2025 09:17"
Lesser Black-backed Gull,Larus fuscus,CONFIRMED,Anonymous eBirder,"Sodus Bay - channel by Coast Guard Station, Wayne, New York, United States","Jul 01, 2025 15:38"
Lesser Black-backed Gull,Larus fuscus,CONFIRMED,Anonymous eBirder,"Sodus Bay--Sodus Point, Wayne, New York, United States","Jul 04, 2025 11:01"
Lesser Black-backed Gull,Larus fuscus,CONFIRMED,Christine Gu,"Sodus Bay--Sodus Point, Wayne, New York, United States","Jul 03, 2025 08:00"
Lesser Black-backed Gull,Larus fuscus,CONFIRMED,Christine Gu,"Sodus Bay--Sodus Point, Wayne, New York, United States","Jul 01, 2025 15:00"
Lesser Black-backed Gull,Larus fuscus,CONFIRMED,Tianying Lei,"Sodus Bay--Sodus Point, Wayne, New York, United States","Jul 01, 2025 14:04"
Lesser Black-backed Gull,Larus fuscus,CONFIRMED,Tianying Lei,"Summerville Pier, Monroe, New York, United States","Jul 01, 2025 17:21"
Black Skimmer,Rynchops niger,UNCONFIRMED,Xiaolin Fang,"A rooftop yonder, New York, New York, United States","Jul 03, 2025 20:15"
Black Skimmer,Rynchops niger,UNCONFIRMED,Xiaolin Fang,"Orchard Beach, Bronx, New York, United States","Jun 28, 2025 20:31"
Black Skimmer,Rynchops niger,UNCONFIRMED,Kelsey Lagunas Sanchez,"Pelham Bay Park--The Lagoon, Bronx, New York, United States","Jun 28, 2025 21:00"
Caspian Tern,Hydroprogne caspia,CONFIRMED,Kelsey Lagunas Sanchez,"Gilgo beach marsh (from boat), Suffolk, New York, United States","Jun 30, 2025 08:51"
Caspian Tern,Hydroprogne caspia,CONFIRMED,Anonymous eBirder,"Heckscher SP, East Islip, Suffolk, New York, United States","Jul 05, 2025 11:14"
Black Tern,Chlidonias niger,CONFIRMED,Anonymous eBirder,"Oneida Lake, Constantia (Mill St. parking area), Oswego, New York, United States","Jul 01, 2025 10:31"
Forster's Tern,Sterna forsteri,UNCONFIRMED,Zohara Nguyen,"Governors Island (N.Y. County), New York, New York, United States","Jul 03, 2025 10:17"
Forster's Tern,Sterna forsteri,UNCONFIRMED,Zohara Nguyen,"Pelham Bay Park, Bronx, New York, United States","Jul 01, 2025 07:20"
Forster's Tern,Sterna forsteri,UNCONFIRMED,Joel Lowden,"Pelham Bay Park--Orchard Beach & parking lot, Bronx, New York, United States","Jul 02, 2025 08:48"
Forster's Tern,Sterna forsteri,UNCONFIRMED,Joel Lowden,"Pelham Bay Park--Orchard Beach & parking lot, Bronx, New York, United States","Jul 02, 2025 08:48"
Forster's Tern,Sterna forsteri,UNCONFIRMED,John Gluth,"Pelham Bay Park--Orchard Beach & parking lot, Bronx, New York, United States","Jun 30, 2025 08:43"
Forster's Tern,Sterna forsteri,UNCONFIRMED,John Gluth,"Tier Street, City Island, Bronx, New York, United States","Jul 05, 2025 06:45"
Arctic Tern,Sterna paradisaea,CONFIRMED,John Sepenoski,"Cupsogue Beach County Park, Suffolk, New York, United States","Jul 03, 2025 08:10"
Arctic Tern,Sterna paradisaea,CONFIRMED,John Sepenoski,"Cupsogue Beach County Park, Suffolk, New York, United States","Jul 03, 2025 08:10"
Arctic Tern,Sterna paradisaea,CONFIRMED,Matt Kauffman,"Napeague SP--Lazy Point, Suffolk, New York, United States","Jun 29, 2025 15:10"
Common Tern,Sterna hirundo,CONFIRMED,Matt Kauffman,"1000 Boat Launch Road, Sullivan, New York, US (43.163, -75.927), Madison, New York, United States","Jul 04, 2025 07:12"
Roseate Tern,Sterna dougallii,CONFIRMED,bill belford,"Breezy Point Tip, Queens, New York, United States","Jun 29, 2025 10:31"
Roseate Tern,Sterna dougallii,CONFIRMED,bill belford,"Breezy Point Tip, Queens, New York, United States","Jun 29, 2025 10:31"
Royal Tern,Thalasseus maximus,CONFIRMED,Karen Becker,"Breezy Point Tip, Queens, New York, United States","Jul 01, 2025 11:04"
Royal Tern,Thalasseus maximus,CONFIRMED,Karen Becker,"Breezy Point Tip, Queens, New York, United States","Jun 30, 2025 07:43"
Royal Tern,Thalasseus maximus,CONFIRMED,Ray Duffy,"Breezy Point Tip, Queens, New York, United States","Jun 29, 2025 10:31"
Royal Tern,Thalasseus maximus,CONFIRMED,Ray Duffy,"Breezy Point Tip, Queens, New York, United States","Jun 29, 2025 10:31"
Royal Tern,Thalasseus maximus,CONFIRMED,Jesse Ottesen,"Coney Island Pier, Kings, New York, United States","Jun 30, 2025 10:05"
Royal Tern,Thalasseus maximus,CONFIRMED,Jesse Ottesen,"Coney Island Pier, Kings, New York, United States","Jun 30, 2025 10:05"
Royal Tern,Thalasseus maximus,CONFIRMED,Xinyi Z,"Jacob Riis Park--Beach, Queens, New York, United States","Jul 01, 2025 10:43"
Royal Tern,Thalasseus maximus,CONFIRMED,Xinyi Z,"Jamaica Bay Wildlife Refuge, Queens, New York, United States","Jun 29, 2025 08:05"
Royal Tern,Thalasseus maximus,CONFIRMED,D K,"Jamaica Bay Wildlife Refuge, Queens, New York, United States","Jun 29, 2025 08:05"
Royal Tern,Thalasseus maximus,CONFIRMED,D K,"Jamaica Bay Wildlife Refuge--West Pond, Queens, New York, United States","Jun 30, 2025 15:30"
Royal Tern,Thalasseus maximus,CONFIRMED,Anonymous eBirder,"Jamaica Bay Wildlife Refuge--West Pond, Queens, New York, United States","Jun 30, 2025 09:43"
Royal Tern,Thalasseus maximus,CONFIRMED,Anonymous eBirder,"Jamaica Bay Wildlife Refuge--West Pond, Queens, New York, United States","Jun 30, 2025 07:49"
Royal Tern,Thalasseus maximus,CONFIRMED,Trevor Dudley,"Jamaica Bay Wildlife Refuge--West Pond, Queens, New York, United States","Jun 30, 2025 07:49"
Horned Grebe,Podiceps auritus,UNCONFIRMED,Trevor Dudley,"Squire Pond, Suffolk, New York, United States","Jul 03, 2025 13:37"
Horned Grebe,Podiceps auritus,UNCONFIRMED,Harold Ellingsen,"Squire Pond, Suffolk, New York, United States","Jul 03, 2025 13:37"
Common Loon,Gavia immer,UNCONFIRMED,Harold Ellingsen,"110 First Street, Barker, New York, US (43.373, -78.496), Niagara, New York, United States","Jul 05, 2025 08:04"
Common Loon,Gavia immer,CONFIRMED,David Ip,"336 Schnabl Blvd, Boonville US-NY 43.42623, -75.27735, Oneida, New York, United States","Jul 02, 2025 17:10"
Common Loon,Gavia immer,UNCONFIRMED,David Ip,"Edith G. Read Wildlife Sanctuary, Westchester, New York, United States","Jul 02, 2025 15:55"
Common Loon,Gavia immer,UNCONFIRMED,Anthony V. Ciancimino,"Geneva Country Club, Ontario, New York, Ontario, New York, United States","Jul 04, 2025 12:38"
Common Loon,Gavia immer,UNCONFIRMED,Anthony V. Ciancimino,"Greenburgh Nature Center, Westchester, New York, United States","Jul 05, 2025 12:08"
Common Loon,Gavia immer,CONFIRMED,Jeff Stetson,"Hog Hole (Allan H. Treman State Marine Park), Tompkins, New York, United States","Jul 01, 2025 19:13"
Common Loon,Gavia immer,UNCONFIRMED,Jeff Stetson,"Kunze Lakehouse 4326 W Springbrook Rd Castile NY, Wyoming, New York, United States","Jul 04, 2025 05:40"
Common Loon,Gavia immer,CONFIRMED,Anthony V. Ciancimino,"Kunze Lakehouse 4326 W Springbrook Rd Castile NY, Wyoming, New York, United States","Jul 02, 2025 05:25"
Common Loon,Gavia immer,CONFIRMED,Anthony V. Ciancimino,"Myers Point, Tompkins, New York, United States","Jul 01, 2025 07:26"
Common Loon,Gavia immer,CONFIRMED,John Gavrity,"Rondout Reservoir (Sullivan Co.), Sullivan, New York, United States","Jul 02, 2025 15:33"
Common Loon,Gavia immer,CONFIRMED,John Gavrity,"Salt Point Natural Area, Tompkins, New York, United States","Jul 04, 2025 06:24"
Common Loon,Gavia immer,UNCONFIRMED,Howard Fischer,"Silver Lake (Wyoming Co.), south, Wyoming, New York, United States","Jul 03, 2025 18:17"
Scopoli's Shearwater,Calonectris diomedea,CONFIRMED,Howard Fischer,"Montauk pelagic, near offshore waters, Suffolk, New York, United States","Jul 02, 2025 14:00"
Scopoli's Shearwater,Calonectris diomedea,CONFIRMED,Catherine Barron,"Robert Moses SP--East End of Field 2, Suffolk, New York, United States","Jul 02, 2025 14:16"
Great Cormorant,Phalacrocorax carbo,UNCONFIRMED,Catherine Barron,"Central Park--Great Lawn, New York, New York, United States","Jul 03, 2025 08:36"
Great Cormorant,Phalacrocorax carbo,CONFIRMED,Dennis JR Crouse,"Orient Point, Suffolk, New York, United States","Jul 05, 2025 09:01"
Great Cormorant,Phalacrocorax carbo,CONFIRMED,Dennis JR Crouse,"Orient Point, Suffolk, New York, United States","Jul 04, 2025 14:20"
Great Cormorant,Phalacrocorax carbo,CONFIRMED,Jacob Hall,"Orient Point, Suffolk, New York, United States","Jul 03, 2025 12:53"
Great Cormorant,Phalacrocorax carbo,CONFIRMED,Jacob Hall,"Orient Point, Suffolk, New York, United States","Jul 01, 2025 13:24"
Great Cormorant,Phalacrocorax carbo,CONFIRMED,Ellen Jones,"Orient Point, Suffolk, New York, United States","Jun 30, 2025 16:24"
Great Cormorant,Phalacrocorax carbo,CONFIRMED,Ellen Jones,"Orient Point, Suffolk, New York, United States","Jun 30, 2025 13:55"
Great Cormorant,Phalacrocorax carbo,CONFIRMED,Ellen Jones,"Orient Point, Suffolk, New York, United States","Jun 29, 2025 09:10"
Great Cormorant,Phalacrocorax carbo,CONFIRMED,Ellen Jones,"Orient Point County Park, Suffolk, New York, United States","Jun 29, 2025 09:30"
Great Cormorant,Phalacrocorax carbo,CONFIRMED,Lisa Wollerstein,"Orient Point County Park, Suffolk, New York, United States","Jun 29, 2025 09:30"
Great Cormorant,Phalacrocorax carbo,CONFIRMED,Lisa Wollerstein,"Smith Point to Moriches Inlet, Suffolk, New York, United States","Jun 29, 2025 14:33"
Roseate Spoonbill,Platalea ajaja,CONFIRMED,Douglas Futuyma,"Indian Point, Oswego, New York, United States","Jul 02, 2025 05:03"
Roseate Spoonbill,Platalea ajaja,CONFIRMED,Douglas Futuyma,"Indian Point, Oswego, New York, United States","Jul 01, 2025 04:44"
Roseate Spoonbill,Platalea ajaja,CONFIRMED,Shai Mitra,"Indian Point, Oswego, New York, United States","Jun 30, 2025 05:16"
Roseate Spoonbill,Platalea ajaja,CONFIRMED,Shai Mitra,"Indian Point, Oswego, New York, United States","Jun 29, 2025 04:55"
Roseate Spoonbill,Platalea ajaja,CONFIRMED,Patricia Aitken,"Indian Point, Oswego, New York, United States","Jun 29, 2025 04:43"
Roseate Spoonbill,Platalea ajaja,CONFIRMED,Patricia Aitken,"Indian Point, Oswego, New York, United States","Jun 29, 2025 04:35"
Roseate Spoonbill,Platalea ajaja,CONFIRMED,Hayden Uresk,"Indian Point, Oswego, New York, United States","Jun 29, 2025 04:32"
Roseate Spoonbill,Platalea ajaja,CONFIRMED,Hayden Uresk,"Indian Point, Oswego, New York, United States","Jun 29, 2025 04:31"
Least Bittern,Botaurus exilis,CONFIRMED,Lillian Simons,"Wertheim NWR--Lower Carman's River, Suffolk, New York, United States","Jul 04, 2025 06:43"
Least Bittern,Botaurus exilis,CONFIRMED,Lillian Simons,"Wertheim NWR--Lower Carman's River, Suffolk, New York, United States","Jun 29, 2025 05:59"
Tricolored Heron,Egretta tricolor,CONFIRMED,bill belford,"Captree Island, Suffolk, New York, United States","Jul 05, 2025 08:32"
Tricolored Heron,Egretta tricolor,CONFIRMED,bill belford,"Captree Island, Suffolk, New York, United States","Jul 02, 2025 10:56"
Tricolored Heron,Egretta tricolor,CONFIRMED,KZ F,"Captree Island, Suffolk, New York, United States","Jul 01, 2025 09:00"
Tricolored Heron,Egretta tricolor,CONFIRMED,KZ F,"Captree Island, Suffolk, New York, United States","Jun 29, 2025 08:43"
Tricolored Heron,Egretta tricolor,CONFIRMED,Peter Paul,"Captree Island, Suffolk, New York, United States","Jun 29, 2025 08:43"
Tricolored Heron,Egretta tricolor,CONFIRMED,Peter Paul,"Gilgo beach marsh (from boat), Suffolk, New York, United States","Jun 30, 2025 08:51"
Tricolored Heron,Egretta tricolor,CONFIRMED,Joshua Multer,"Oak Beach Marsh, Suffolk, New York, United States","Jun 30, 2025 09:34"
American White Pelican,Pelecanus erythrorhynchos,CONFIRMED,Joshua Multer,"Mecox Bay, Suffolk, New York, United States","Jul 04, 2025 07:13"
American White Pelican,Pelecanus erythrorhynchos,CONFIRMED,Everly Eldeen,"Mecox Inlet, Suffolk, New York, United States","Jul 02, 2025 14:20"
American White Pelican,Pelecanus erythrorhynchos,CONFIRMED,Everly Eldeen,"Shinnecock Inlet, west, Suffolk, New York, United States","Jul 04, 2025 08:51"
Brown Pelican (Atlantic),Pelecanus occidentalis carolinensis,CONFIRMED,Peter Paul,"Braddock Bay Park--Hawk Watch, Monroe, New York, United States","Jun 30, 2025 17:08"
Brown Pelican (Atlantic),Pelecanus occidentalis carolinensis,CONFIRMED,Peter Paul,"Braddock Bay Park--Hawk Watch, Monroe, New York, United States","Jun 30, 2025 14:39"
Brown Pelican (Atlantic),Pelecanus occidentalis carolinensis,CONFIRMED,Peter Paul,"Braddock Bay Park--Hawk Watch, Monroe, New York, United States","Jun 30, 2025 14:39"
Brown Pelican,Pelecanus occidentalis,CONFIRMED,Peter Paul,"Fire Island Pines, Suffolk, New York, United States","Jul 04, 2025 10:15"
Brown Pelican,Pelecanus occidentalis,CONFIRMED,Anonymous eBirder,"Fire Island--Lighthouse Beach, Suffolk, New York, United States","Jul 04, 2025 10:40"
Brown Pelican,Pelecanus occidentalis,UNCONFIRMED,Anonymous eBirder,"Freedom Park, Buffalo US-NY 42.91526, -78.90293, Erie, New York, United States","Jul 05, 2025 12:38"
Brown Pelican (Atlantic),Pelecanus occidentalis carolinensis,CONFIRMED,John Huggard,"Towpath Park, Erie, New York, United States","Jul 02, 2025 14:46"
Brown Pelican,Pelecanus occidentalis,UNCONFIRMED,John Huggard,"Towpath Park, Buffalo, Erie, New York, United States","Jul 04, 2025 18:08"
Brown Pelican,Pelecanus occidentalis,UNCONFIRMED,Peter Paul,"Towpath Park, Buffalo, Erie, New York, United States","Jul 04, 2025 18:08"
Brown Pelican,Pelecanus occidentalis,UNCONFIRMED,Peter Paul,"Towpath Park, Buffalo, Erie, New York, United States","Jul 04, 2025 17:11"
Brown Pelican,Pelecanus occidentalis,UNCONFIRMED,Greg Lawrence,"Towpath Park, Buffalo, Erie, New York, United States","Jul 04, 2025 13:30"
Brown Pelican,Pelecanus occidentalis,UNCONFIRMED,Greg Lawrence,"Towpath Park, Buffalo, Erie, New York, United States","Jul 04, 2025 09:22"
Brown Pelican,Pelecanus occidentalis,UNCONFIRMED,Kevin Kelly,"Towpath Park, Buffalo, Erie, New York, United States","Jul 04, 2025 08:42"
Brown Pelican,Pelecanus occidentalis,UNCONFIRMED,Kevin Kelly,"Unity Island--North End, Erie, New York, United States","Jul 05, 2025 09:08"
Brown Pelican,Pelecanus occidentalis,UNCONFIRMED,John Huggard,"Unity Island--North End, Erie, New York, United States","Jul 04, 2025 10:47"
Brown Pelican,Pelecanus occidentalis,UNCONFIRMED,John Huggard,"Unity Island--North End, Erie, New York, United States","Jul 04, 2025 08:37"
Brown Pelican,Pelecanus occidentalis,UNCONFIRMED,Peter Paul,"Unity Island--Pier, Erie, New York, United States","Jul 04, 2025 12:45"
Brown Pelican,Pelecanus occidentalis,UNCONFIRMED,Peter Paul,"Unity Island--Pier, Erie, New York, United States","Jul 04, 2025 10:30"
Brown Pelican,Pelecanus occidentalis,UNCONFIRMED,Jeremy Collison,"Unity Island--Pier, Erie, New York, United States","Jul 04, 2025 07:40"
Black Vulture,Coragyps atratus,UNCONFIRMED,Jeremy Collison,"Interstate 81, Kirkwood, New York, US (42.014, -75.768), Broome, New York, United States","Jul 03, 2025 10:42"
Black Vulture,Coragyps atratus,UNCONFIRMED,Nathan Stimson,"Joy Sea Ticonderoga, Essex, New York, United States","Jul 04, 2025 17:48"
Black Vulture,Coragyps atratus,UNCONFIRMED,Nathan Stimson,"Monroe St, Broome, New York, United States","Jun 29, 2025 16:15"
Black Vulture,Coragyps atratus,CONFIRMED,Gale VerHague,"Ticonderoga Ferry and Boat Launch, Essex, New York, United States","Jun 29, 2025 11:25"
Sharp-shinned Hawk,Accipiter striatus,UNCONFIRMED,Gale VerHague,"Gratwick Waterfront Park, Niagara, New York, United States","Jul 04, 2025 08:55"
Sharp-shinned Hawk,Accipiter striatus,UNCONFIRMED,¶ W,"Krull County Park, Niagara, New York, United States","Jul 04, 2025 09:41"
Sharp-shinned Hawk,Accipiter striatus,UNCONFIRMED,¶ W,"Sharrotts Pond, Richmond, New York, United States","Jun 30, 2025 11:37"
Bald Eagle,Haliaeetus leucocephalus,CONFIRMED,John Huggard,"Hello MODO, Kings, New York, United States","Jun 29, 2025 16:12"
Bald Eagle,Haliaeetus leucocephalus,CONFIRMED,John Huggard,"Hello MODO, Kings, New York, United States","Jun 29, 2025 16:12"
Bald Eagle,Haliaeetus leucocephalus,CONFIRMED,Peter Paul,"Jacob Riis Park, Queens, New York, United States","Jun 29, 2025 11:35"
Bald Eagle,Haliaeetus leucocephalus,CONFIRMED,Peter Paul,"Jamaica Bay Wildlife Refuge--West Pond, Queens, New York, United States","Jul 04, 2025 05:51"
Mississippi Kite,Ictinia mississippiensis,CONFIRMED,Peter Paul,"Green-Wood Cemetery, Brooklyn, Kings, New York, United States","Jul 01, 2025 12:16"
Broad-winged Hawk,Buteo platypterus,UNCONFIRMED,Peter Paul,"Central Park--The Ravine (incl. The Loch), New York, New York, United States","Jul 03, 2025 15:16"
Red-shouldered Hawk,Buteo lineatus,CONFIRMED,Heydi Lopes,"Caumsett SP, Suffolk, New York, United States","Jun 29, 2025 09:04"
Red-shouldered Hawk,Buteo lineatus,CONFIRMED,Heydi Lopes,"Caumsett State Historic Park Preserve, Lloyd Harbor US-NY 40.91786, -73.47272, Suffolk, New York, United States","Jun 29, 2025 09:05"
Red-shouldered Hawk,Buteo lineatus,UNCONFIRMED,MCHL ____,"Pelham Bay Park--Southern Meadow and environs, Bronx, New York, United States","Jun 30, 2025 10:17"
Red-shouldered Hawk,Buteo lineatus,UNCONFIRMED,MCHL ____,"Pelham Bay Park--Southern Meadow and environs, Bronx, New York, United States","Jun 29, 2025 09:32"
Red-shouldered Hawk,Buteo lineatus,UNCONFIRMED,Peter Paul,"Pelham Bay Park--Southern Meadow and environs, Bronx, New York, United States","Jun 29, 2025 08:52"
Red-shouldered Hawk,Buteo lineatus,UNCONFIRMED,Peter Paul,"Pelham Bay Park--Southern Meadow and environs, Bronx, New York, United States","Jun 29, 2025 08:52"
Great Horned Owl,Bubo virginianus,UNCONFIRMED,John Huggard,"Central park, US-NY (40.7957,-73.9593), New York, New York, United States","Jul 04, 2025 14:21"
Yellow-bellied Sapsucker,Sphyrapicus varius,CONFIRMED,John Huggard,"Bryant Park, New York US-NY 40.75260, -73.98179, New York, New York, United States","Jul 03, 2025 15:33"
Yellow-bellied Sapsucker,Sphyrapicus varius,CONFIRMED,Peter Paul,"Madison Square Park, New York, New York, United States","Jun 30, 2025 10:33"
Red-headed Woodpecker,Melanerpes erythrocephalus,UNCONFIRMED,Peter Paul,"110 First Street, Barker, New York, US (43.373, -78.496), Niagara, New York, United States","Jul 05, 2025 07:32"
Red-headed Woodpecker,Melanerpes erythrocephalus,UNCONFIRMED,Peter Paul,"3045 Magnolia St. Endwell, Broome, New York, United States","Jul 04, 2025 08:00"
Red-headed Woodpecker,Melanerpes erythrocephalus,CONFIRMED,Peter Paul,"9679 Lower Lake Road, (Corn Field) Barker, New York, US (43.37, -78.496), Niagara, New York, United States","Jul 02, 2025 12:55"
Red-headed Woodpecker,Melanerpes erythrocephalus,CONFIRMED,Lisa Wollerstein,"Gage Wildlife Sanctuary (private), Ontario, New York, United States","Jul 04, 2025 08:40"
Red-headed Woodpecker,Melanerpes erythrocephalus,CONFIRMED,Lisa Wollerstein,"Gage Wildlife Sanctuary (private), Ontario, New York, United States","Jul 03, 2025 16:37"
Red-headed Woodpecker,Melanerpes erythrocephalus,CONFIRMED,Trish Bonadonna,"Gage Wildlife Sanctuary (private), Ontario, New York, United States","Jul 03, 2025 07:24"
Red-headed Woodpecker,Melanerpes erythrocephalus,CONFIRMED,Trish Bonadonna,"Gage Wildlife Sanctuary (private), Ontario, New York, United States","Jul 02, 2025 13:31"
Red-headed Woodpecker,Melanerpes erythrocephalus,CONFIRMED,Shai Mitra,"Gage Wildlife Sanctuary (private), Ontario, New York, United States","Jul 02, 2025 07:07"
Red-headed Woodpecker,Melanerpes erythrocephalus,UNCONFIRMED,Shai Mitra,"George St/Frederick Street Constantia, Oswego, New York, United States","Jul 04, 2025 13:12"
Red-headed Woodpecker,Melanerpes erythrocephalus,CONFIRMED,Patricia Aitken,"Mexico Point SP, Oswego, New York, United States","Jul 04, 2025 11:08"
Red-headed Woodpecker,Melanerpes erythrocephalus,CONFIRMED,Patricia Aitken,"Mexico Point SP--Boat Launch, Oswego, New York, United States","Jul 02, 2025 06:16"
Red-headed Woodpecker,Melanerpes erythrocephalus,CONFIRMED,Richard Haimes,"Sandy Bottom Park, Honeoye, Ontario, New York, United States","Jul 05, 2025 08:42"
Red-headed Woodpecker,Melanerpes erythrocephalus,CONFIRMED,Richard Haimes,"Sandy Bottom Park, Honeoye, Ontario, New York, United States","Jul 01, 2025 08:02"
Red-headed Woodpecker,Melanerpes erythrocephalus,CONFIRMED,Loyan Beausoleil,"Sandy Island Beach SP, Oswego, New York, United States","Jul 02, 2025 14:49"
Red-headed Woodpecker,Melanerpes erythrocephalus,CONFIRMED,Loyan Beausoleil,"Shore Drive circle, Niagara, New York, United States","Jul 02, 2025 08:00"
Merlin,Falco columbarius,CONFIRMED,Peter Paul,"2736 Lower Lake Rd, Seneca Falls US-NY 42.89239, -76.74973, Seneca, New York, United States","Jun 29, 2025 19:32"
Merlin,Falco columbarius,UNCONFIRMED,Peter Paul,"601 Erie Avenue, North Tonawanda, New York, US (43.039, -78.863), Niagara, New York, United States","Jul 04, 2025 16:46"
Merlin,Falco columbarius,CONFIRMED,Jay Rand,"Cayuga-Seneca Canal Trail, Seneca, New York, United States","Jul 04, 2025 10:23"
Merlin,Falco columbarius,UNCONFIRMED,Jay Rand,"Home, Niagara, New York, United States","Jul 04, 2025 19:32"
Merlin,Falco columbarius,UNCONFIRMED,Janet Hellner,"Olcott Pier, Niagara, New York, United States","Jul 03, 2025 10:02"
Merlin,Falco columbarius,UNCONFIRMED,Janet Hellner,"St. John Fisher Athletics Rochester, New York, US (43.116, -77.51), Monroe, New York, United States","Jul 05, 2025 08:55"
Monk Parakeet,Myiopsitta monachus,CONFIRMED,Doug Daniels,"Fort Washington Park--S of GWB (Little Red Lighthouse-155th St.), New York, New York, United States","Jul 03, 2025 05:22"
Monk Parakeet,Myiopsitta monachus,CONFIRMED,Doug Daniels,"Fort Washington Park--S of GWB (Little Red Lighthouse-155th St.), New York, New York, United States","Jul 02, 2025 14:03"
Monk Parakeet,Myiopsitta monachus,CONFIRMED,Joe Wing,"Fort Washington Park--S of GWB (Little Red Lighthouse-155th St.), New York, New York, United States","Jul 01, 2025 08:30"
Monk Parakeet,Myiopsitta monachus,CONFIRMED,Joe Wing,"Fort Washington Park--S of GWB (Little Red Lighthouse-155th St.), New York, New York, United States","Jun 30, 2025 12:15"
Monk Parakeet (Monk),Myiopsitta monachus [monachus Group],CONFIRMED,Michael Gullo,"Fort Washington Park--S of GWB (Little Red Lighthouse-155th St.), New York, New York, United States","Jun 29, 2025 11:20"
Monk Parakeet,Myiopsitta monachus,CONFIRMED,Michael Gullo,"Fort Washington Park--S of GWB (Little Red Lighthouse-155th St.), New York, New York, United States","Jun 29, 2025 06:30"
Monk Parakeet,Myiopsitta monachus,UNCONFIRMED,Cole Ruberti,"Greenway, 158th-165th St.; E of Henry Hudson Pkwy - RS Dr. E, New York, New York, United States","Jul 05, 2025 11:05"
Monk Parakeet,Myiopsitta monachus,UNCONFIRMED,Cole Ruberti,"Greenway, 158th-165th St.; E of Henry Hudson Pkwy - RS Dr. E, New York, New York, United States","Jul 05, 2025 11:05"
Monk Parakeet,Myiopsitta monachus,CONFIRMED,Jay McGowan,"Greenway, 158th-165th St.; E of Henry Hudson Pkwy - RS Dr. E, New York, New York, United States","Jun 30, 2025 07:57"
Monk Parakeet,Myiopsitta monachus,CONFIRMED,Jay McGowan,"Greenway, 158th-165th St.; E of Henry Hudson Pkwy - RS Dr. E, New York, New York, United States","Jun 30, 2025 07:57"
Yellow-bellied Flycatcher,Empidonax flaviventris,UNCONFIRMED,Adelina Mbise,"Central Park--The Ravine (incl. The Loch), New York, New York, United States","Jul 03, 2025 15:16"
Yellow-bellied Flycatcher,Empidonax flaviventris,UNCONFIRMED,Adelina Mbise,"Pharsalia WMA--CCC Truck Trail, Chenango, New York, United States","Jul 03, 2025 08:36"
Acadian Flycatcher,Empidonax virescens,UNCONFIRMED,Laura Coelho,"Gray Rd., btwn CR 25 and W 1st St., Oswego, New York, United States","Jul 04, 2025 12:58"
Acadian Flycatcher,Empidonax virescens,CONFIRMED,Laura Coelho,"Gray Rd., btwn CR 25 and W 1st St., Oswego, New York, United States","Jul 02, 2025 19:30"
Acadian Flycatcher,Empidonax virescens,CONFIRMED,Raspberry Yow-Fairs,"Gray Rd., btwn CR 25 and W 1st St., Oswego, New York, United States","Jul 02, 2025 13:25"
Acadian Flycatcher,Empidonax virescens,CONFIRMED,Raspberry Yow-Fairs,"Gray Rd., btwn CR 25 and W 1st St., Oswego, New York, United States","Jul 01, 2025 08:52"
Acadian Flycatcher,Empidonax virescens,CONFIRMED,Alli Smith,"Oneida Creek Fishing Access, Sterling Rd., Oneida, New York, United States","Jul 02, 2025 12:49"
Willow Flycatcher,Empidonax traillii,UNCONFIRMED,Alli Smith,"Governors Island (N.Y. County), New York, New York, United States","Jul 04, 2025 08:47"
Willow Flycatcher,Empidonax traillii,CONFIRMED,Lillian Williams,"Governors Island (N.Y. County), New York, New York, United States","Jul 03, 2025 07:07"
Tropical Kingbird,Tyrannus melancholicus,UNCONFIRMED,Lillian Williams,"2 W Sunnyside Ln, Tarrytown US-NY 41.04861, -73.86831, Westchester, New York, United States","Jun 29, 2025 12:43"
Yellow-throated Vireo,Vireo flavifrons,CONFIRMED,Alex Mortimer,"Brookhaven National Laboratory (restricted access), Suffolk, New York, United States","Jun 30, 2025 12:27"
Yellow-throated Vireo,Vireo flavifrons,CONFIRMED,Alex Mortimer,"Wildwood SP, Suffolk, New York, United States","Jun 30, 2025 07:45"
Yellow-throated Vireo,Vireo flavifrons,CONFIRMED,Devin Silversmith,"Wildwood SP, Suffolk, New York, United States","Jun 29, 2025 13:04"
Blue-headed Vireo,Vireo solitarius,UNCONFIRMED,Devin Silversmith,"tit city, Westchester, New York, United States","Jul 04, 2025 06:49"
Blue-headed Vireo,Vireo solitarius,UNCONFIRMED,Chris Wood,"tit city, Westchester, New York, United States","Jul 04, 2025 06:49"
Philadelphia Vireo,Vireo philadelphicus,UNCONFIRMED,Chris Wood,"Chapel Pond area, Essex, New York, United States","Jun 30, 2025 12:37"
Philadelphia Vireo,Vireo philadelphicus,UNCONFIRMED,Reuben Shallom,"Chapel Pond area, Essex, New York, United States","Jun 30, 2025 12:37"
Philadelphia Vireo,Vireo philadelphicus,UNCONFIRMED,Reuben Shallom,"Chapel Pond area, Essex, New York, United States","Jun 30, 2025 12:37"
Philadelphia Vireo,Vireo philadelphicus,UNCONFIRMED,Langston Richter,"Chapel Pond area, Essex, New York, United States","Jun 30, 2025 12:37"
Philadelphia Vireo,Vireo philadelphicus,UNCONFIRMED,Langston Richter,"Chapel Pond area, Essex, New York, United States","Jun 30, 2025 12:37"
Philadelphia Vireo,Vireo philadelphicus,UNCONFIRMED,Zoë Lunau,"Chapel Pond area, Essex, New York, United States","Jun 30, 2025 12:37"
Philadelphia Vireo,Vireo philadelphicus,UNCONFIRMED,Zoë Lunau,"Chapel Pond area, Essex, New York, United States","Jun 30, 2025 12:37"
Philadelphia Vireo,Vireo philadelphicus,UNCONFIRMED,Ian Davies,"Chapel Pond area, Essex, New York, United States","Jun 30, 2025 12:37"
Fish Crow,Corvus ossifragus,CONFIRMED,Ian Davies,"102 Military Road, Sackets Harbor, New York, US (43.95, -76.111), Jefferson, New York, United States","Jun 29, 2025 09:39"
Fish Crow,Corvus ossifragus,CONFIRMED,Madeleine Moon-Chun,"102 Woolsey Street, Sackets Harbor, New York, US (43.945, -76.118), Jefferson, New York, United States","Jul 04, 2025 11:37"
Fish Crow,Corvus ossifragus,CONFIRMED,Madeleine Moon-Chun,"102 Woolsey Street, Sackets Harbor, New York, US (43.945, -76.118), Jefferson, New York, United States","Jul 02, 2025 17:50"
Fish Crow,Corvus ossifragus,CONFIRMED,Jeremy Pete,"102 Woolsey Street, Sackets Harbor, New York, US (43.945, -76.118), Jefferson, New York, United States","Jul 01, 2025 08:29"
Fish Crow,Corvus ossifragus,CONFIRMED,Jeremy Pete,"104–114 Military Rd, Sackets Harbor US-NY 43.95000, -76.11037, Jefferson, New York, United States","Jul 03, 2025 08:40"
Fish Crow,Corvus ossifragus,CONFIRMED,Michael Gullo,"106 Bartlett Rd, Sackets Harbor US-NY (43.9506,-76.1110), Jefferson, New York, United States","Jul 04, 2025 12:29"
Fish Crow,Corvus ossifragus,CONFIRMED,Michael Gullo,"436 East Main Street, Sackets Harbor, New York, US (43.939, -76.098), Jefferson, New York, United States","Jun 29, 2025 09:48"
Fish Crow,Corvus ossifragus,CONFIRMED,Kim Hartquist,"Byrne Dairy, Phoenix, Oswego, New York, United States","Jul 02, 2025 07:19"
Fish Crow,Corvus ossifragus,UNCONFIRMED,Kim Hartquist,"Phoenix Dam and Lock, Oswego, New York, United States","Jul 05, 2025 09:06"
Fish Crow,Corvus ossifragus,CONFIRMED,KZ F,"Towpath Park, Buffalo, Erie, New York, United States","Jul 01, 2025 13:38"
Fish Crow,Corvus ossifragus,UNCONFIRMED,KZ F,"Unity Island--North End, Erie, New York, United States","Jul 05, 2025 12:28"
Purple Martin,Progne subis,CONFIRMED,Chris Wood,"Plumb Beach, Kings, New York, United States","Jul 03, 2025 06:57"
Cliff Swallow (pyrrhonota Group),Petrochelidon pyrrhonota [pyrrhonota Group],CONFIRMED,Chris Wood,"Belt Pkwy E, New York US-NY 40.61989, -73.89696, Kings, New York, United States","Jul 02, 2025 12:51"
Cliff Swallow,Petrochelidon pyrrhonota,UNCONFIRMED,Nelson Pascuzzi,"Canarsie Beach Park, Kings, New York, United States","Jul 04, 2025 07:45"
Cliff Swallow,Petrochelidon pyrrhonota,CONFIRMED,Nelson Pascuzzi,"McGuire Fields, Kings, New York, United States","Jul 03, 2025 07:13"
Cliff Swallow,Petrochelidon pyrrhonota,CONFIRMED,Mike Morgante,"Udall's Mill Pond, Nassau, New York, United States","Jul 04, 2025 08:00"
Cliff Swallow,Petrochelidon pyrrhonota,CONFIRMED,Mike Morgante,"Udall's Mill Pond, Nassau, New York, United States","Jul 04, 2025 08:00"
Cliff Swallow,Petrochelidon pyrrhonota,CONFIRMED,Willie D'Anna,"Udall's Mill Pond, Nassau, New York, United States","Jul 01, 2025 14:00"
Ruby-crowned Kinglet,Corthylio calendula,UNCONFIRMED,Willie D'Anna,"Camp Cutler (BSA - restricted access), Ontario, New York, United States","Jul 02, 2025 11:23"
Red-breasted Nuthatch,Sitta canadensis,CONFIRMED,Jay McGowan,"Green-Wood Cemetery, Brooklyn, Kings, New York, United States","Jun 29, 2025 08:00"
Sedge Wren,Cistothorus stellaris,CONFIRMED,Jay McGowan,"Ballantyne Rd., Chili, Monroe, New York, United States","Jul 04, 2025 09:01"
Sedge Wren,Cistothorus stellaris,UNCONFIRMED,Thomas Davis,"Ballantyne Rd., Chili, Monroe, New York, United States","Jul 04, 2025 07:13"
Sedge Wren,Cistothorus stellaris,CONFIRMED,Thomas Davis,"Ballantyne Rd., Chili, Monroe, New York, United States","Jul 03, 2025 10:40"
Sedge Wren,Cistothorus stellaris,CONFIRMED,Brad Carlson,"Ballantyne Rd., Chili, Monroe, New York, United States","Jul 03, 2025 07:22"
Sedge Wren,Cistothorus stellaris,CONFIRMED,Brad Carlson,"Montezuma (NMWMA)--Martens Tract, Wayne, New York, United States","Jul 03, 2025 13:44"
Sedge Wren,Cistothorus stellaris,CONFIRMED,Doug Daniels,"Montezuma (NMWMA)--Martens Tract, Wayne, New York, United States","Jul 03, 2025 09:19"
Sedge Wren,Cistothorus stellaris,CONFIRMED,Doug Daniels,"Montezuma (NMWMA)--Martens Tract, Wayne, New York, United States","Jul 02, 2025 07:46"
Sedge Wren,Cistothorus stellaris,CONFIRMED,Jay McGowan,"Montezuma (NMWMA)--Martens Tract, Wayne, New York, United States","Jul 02, 2025 06:50"
Sedge Wren,Cistothorus stellaris,CONFIRMED,Jay McGowan,"Montezuma (NMWMA)--Martens Tract, Wayne, New York, United States","Jun 29, 2025 10:06"
Sedge Wren,Cistothorus stellaris,CONFIRMED,Brad Carlson,"Montezuma NWR--East Rd., Seneca, New York, United States","Jul 04, 2025 15:51"
Sedge Wren,Cistothorus stellaris,CONFIRMED,Brad Carlson,"Montezuma NWR--East Rd., Seneca, New York, United States","Jul 04, 2025 13:28"
Sedge Wren,Cistothorus stellaris,CONFIRMED,Joe Wing,"Montezuma NWR--East Rd., Seneca, New York, United States","Jun 29, 2025 18:35"
Sedge Wren,Cistothorus stellaris,CONFIRMED,Joe Wing,"Montezuma NWR--East Rd., Seneca, New York, United States","Jun 29, 2025 13:18"
Sedge Wren,Cistothorus stellaris,CONFIRMED,Michael Gullo,"NY:SEN:Tyre: East Rd: bend, Seneca, New York, United States","Jun 29, 2025 13:56"
Sedge Wren,Cistothorus stellaris,CONFIRMED,Michael Gullo,"US-NY-Savannah-400 E Rd, Seneca, New York, United States","Jun 29, 2025 13:59"
Northern Mockingbird,Mimus polyglottos,UNCONFIRMED,Greg Lawrence,"Wolfjaw Lodge, 5655 NY-86, Wilmington US-NY 44.38760, -73.82530, Essex, New York, United States","Jul 02, 2025 18:53"
Bicknell's Thrush,Catharus bicknelli,CONFIRMED,Greg Lawrence,"Plateau Mountain, Greene, New York, United States","Jun 29, 2025 13:00"
Bicknell's Thrush,Catharus bicknelli,CONFIRMED,Loyan Beausoleil,"Spruceton Trail to FireTower, Greene, New York, United States","Jun 29, 2025 07:16"
Hermit Thrush,Catharus guttatus,UNCONFIRMED,Loyan Beausoleil,"SOL Ferry, New York, New York, United States","Jul 05, 2025 11:09"
Red Crossbill,Loxia curvirostra,UNCONFIRMED,🦉Richard Aracil🦅,"Pharsalia WMA--CCC Truck Trail, Chenango, New York, United States","Jul 03, 2025 08:36"
Red Crossbill,Loxia curvirostra,CONFIRMED,🦉Richard Aracil🦅,"Rabbit Path, McDonough, New York, US (42.51, -75.833), Chenango, New York, United States","Jun 29, 2025 10:43"
Pine Siskin,Spinus pinus,CONFIRMED,🦉Richard Aracil🦅,"Mountain Pond, Herkimer, New York, United States","Jul 01, 2025 10:23"
Grasshopper Sparrow,Ammodramus savannarum,UNCONFIRMED,🦉Richard Aracil🦅,"PRIVATE: 1158 Cedar River Road, Indian Lake, New York, US (43.793, -74.399), Hamilton, New York, United States","Jul 02, 2025 18:55"
Grasshopper Sparrow,Ammodramus savannarum,UNCONFIRMED,Aidan Perkins,"PRIVATE: 1158 Cedar River Road, Indian Lake, New York, US (43.793, -74.399), Hamilton, New York, United States","Jul 02, 2025 18:55"
Grasshopper Sparrow,Ammodramus savannarum,CONFIRMED,Aidan Perkins,"Tillman Rd. WMA, Erie, New York, United States","Jul 03, 2025 13:26"
Clay-colored Sparrow,Spizella pallida,UNCONFIRMED,Ken Thompson,"Krull County Park, Niagara, New York, United States","Jul 02, 2025 15:29"
Clay-colored Sparrow,Spizella pallida,CONFIRMED,Ken Thompson,"Merrit Rd. Tree Farm, Oswego, New York, United States","Jun 29, 2025 13:58"
Clay-colored Sparrow,Spizella pallida,CONFIRMED,Mickey Scilingo,"Merrit Rd. Tree Farm, Oswego, New York, United States","Jun 29, 2025 13:58"
Clay-colored Sparrow,Spizella pallida,CONFIRMED,Mickey Scilingo,"Merrit Rd. Tree Farm, Oswego, New York, United States","Jun 29, 2025 13:58"
Clay-colored Sparrow,Spizella pallida,CONFIRMED,Julius Marinov,"Olmstead-Sand Roads (Bloomfield), Ontario, New York, United States","Jul 01, 2025 06:54"
Clay-colored Sparrow,Spizella pallida,CONFIRMED,Julius Marinov,"Sand & Taft rds. bloomfield, Ontario, New York, United States","Jul 01, 2025 11:12"
Clay-colored Sparrow,Spizella pallida,CONFIRMED,patrick horan,"Saratoga Battlefield South Entrance, Saratoga, New York, United States","Jul 02, 2025 08:21"
Clay-colored Sparrow,Spizella pallida,CONFIRMED,patrick horan,"Saratoga NHP--grasslands (southern entrance), Saratoga, New York, United States","Jul 05, 2025 08:49"
Clay-colored Sparrow,Spizella pallida,CONFIRMED,Jack Rothman,"Saratoga NHP--grasslands (southern entrance), Saratoga, New York, United States","Jul 05, 2025 05:49"
Clay-colored Sparrow,Spizella pallida,CONFIRMED,Jack Rothman,"Saratoga NHP--grasslands (southern entrance), Saratoga, New York, United States","Jul 04, 2025 09:32"
Clay-colored Sparrow,Spizella pallida,CONFIRMED,Joseph McManus,"Saratoga NHP--grasslands (southern entrance), Saratoga, New York, United States","Jul 03, 2025 18:19"
Clay-colored Sparrow,Spizella pallida,CONFIRMED,Joseph McManus,"Saratoga NHP--grasslands (southern entrance), Saratoga, New York, United States","Jul 01, 2025 14:26"
Clay-colored Sparrow,Spizella pallida,CONFIRMED,John Young,"Saratoga NHP--grasslands (southern entrance), Saratoga, New York, United States","Jun 30, 2025 18:20"
Clay-colored Sparrow,Spizella pallida,CONFIRMED,John Young,"Washington County Grasslands SF Area trail, Washington, New York, United States","Jun 30, 2025 09:58"
Clay-colored Sparrow,Spizella pallida,CONFIRMED,Hailey Clancy,"Wilton Wildlife Preserve and Park--Old Gick Farm-Fox Parcel, Saratoga, New York, United States","Jul 02, 2025 13:35"
White-throated Sparrow,Zonotrichia albicollis,UNCONFIRMED,Hailey Clancy,"A bird friendly Homestead, Suffolk, New York, United States","Jul 01, 2025 10:17"
White-throated Sparrow,Zonotrichia albicollis,CONFIRMED,Lisa Wollerstein,"Brooklyn Bridge Park, Kings, New York, United States","Jun 30, 2025 07:24"
White-throated Sparrow,Zonotrichia albicollis,CONFIRMED,Lisa Wollerstein,"Brooklyn Bridge Park, Kings, New York, United States","Jun 29, 2025 09:12"
White-throated Sparrow,Zonotrichia albicollis,CONFIRMED,Jeanne Cimorelli,"McGolrick Park, Kings, New York, United States","Jul 03, 2025 06:45"
White-throated Sparrow,Zonotrichia albicollis,CONFIRMED,Jeanne Cimorelli,"McGolrick Park, Kings, New York, United States","Jul 02, 2025 07:15"
Vesper Sparrow,Pooecetes gramineus,UNCONFIRMED,Sheri Spitzer,"Hobart Road, Franklin County, Franklin, New York, United States","Jul 03, 2025 13:00"
Vesper Sparrow,Pooecetes gramineus,UNCONFIRMED,Sheri Spitzer,"Hobart Road, Franklin County, Franklin, New York, United States","Jul 03, 2025 13:00"
Vesper Sparrow,Pooecetes gramineus,UNCONFIRMED,Jerry Case,"Salt Marsh Nature Center at Marine Park, Kings, New York, United States","Jul 04, 2025 10:49"
Henslow's Sparrow,Centronyx henslowii,UNCONFIRMED,Jerry Case,"Saratoga NHP--grasslands (southern entrance), Saratoga, New York, United States","Jul 05, 2025 05:49"
Lincoln's Sparrow,Melospiza lincolnii,CONFIRMED,Nate L-S,"Bryant Park (5th-6th Ave. btwn 40th-42nd St.), New York, New York, United States","Jul 03, 2025 10:25"
Swamp Sparrow,Melospiza georgiana,CONFIRMED,Nate L-S,"Arshamomaque Preserve, Suffolk, New York, United States","Jul 04, 2025 09:36"
Swamp Sparrow,Melospiza georgiana,CONFIRMED,Julian Elman,"Arshamomaque Preserve, Suffolk, New York, United States","Jun 29, 2025 13:08"
Swamp Sparrow,Melospiza georgiana,CONFIRMED,Julian Elman,"Bryant Park (5th-6th Ave. btwn 40th-42nd St.), New York, New York, United States","Jun 30, 2025 15:30"
Swamp Sparrow,Melospiza georgiana,CONFIRMED,Peter Paul,"Cranberry Bog County Park, Suffolk, New York, United States","Jul 05, 2025 10:10"
Swamp Sparrow,Melospiza georgiana,CONFIRMED,Peter Paul,"Cranberry Bog County Park, Suffolk, New York, United States","Jul 05, 2025 10:10"
Swamp Sparrow,Melospiza georgiana,CONFIRMED,Peter Paul,"Cranberry Bog County Park, Suffolk, New York, United States","Jul 05, 2025 10:10"
Yellow-breasted Chat,Icteria virens,UNCONFIRMED,Peter Paul,"2 W Sunnyside Ln, Tarrytown US-NY 41.04861, -73.86831, Westchester, New York, United States","Jun 29, 2025 12:43"
Yellow-breasted Chat,Icteria virens,UNCONFIRMED,Nate L-S,"510 Beverly Drive, Syracuse, New York, US (43.038, -76.242), Onondaga, New York, United States","Jul 04, 2025 18:47"
Yellow-breasted Chat,Icteria virens,UNCONFIRMED,Nate L-S,"Split Rock--Lost Lake and landfill, Onondaga, New York, United States","Jul 04, 2025 07:50"
Louisiana Waterthrush,Parkesia motacilla,CONFIRMED,Julian Elman,"Lower La Chute River & Ticonderoga Marsh, Essex, New York, United States","Jun 29, 2025 18:20"
Golden-winged Warbler,Vermivora chrysoptera,UNCONFIRMED,Julian Elman,"Art Farm Trail (CATS), Essex, New York, United States","Jun 30, 2025 09:08"
Golden-winged x Blue-winged Warbler (hybrid),Vermivora chrysoptera x cyanoptera,CONFIRMED,KZ F,"Bear Mountain SP--Doodletown Rd., Rockland, New York, United States","Jun 29, 2025 08:26"
Prothonotary Warbler,Protonotaria citrea,CONFIRMED,KZ F,"Bashakill State WMA, Sullivan, New York, United States","Jun 29, 2025 05:55"
Prothonotary Warbler,Protonotaria citrea,CONFIRMED,MCHL ____,"Montezuma (NMWMA)--Frost Hill Marsh, Cayuga, New York, United States","Jul 02, 2025 06:11"
Cerulean Warbler,Setophaga cerulea,CONFIRMED,MCHL ____,"Redman Rd. & Rte 18 (Hamlin), Monroe, New York, United States","Jul 03, 2025 08:54"
Cerulean Warbler,Setophaga cerulea,CONFIRMED,Jennifer Kepler,"Roosevelt Hwy, Holley (43.2975,-77.9878), Monroe, New York, United States","Jul 03, 2025 09:19"
Northern Parula,Setophaga americana,CONFIRMED,Jennifer Kepler,"Hither Hills SP, Suffolk, New York, United States","Jun 29, 2025 09:11"
Northern Parula,Setophaga americana,CONFIRMED,M A,"Hither Hills SP, Suffolk, New York, United States","Jun 29, 2025 09:11"
Chestnut-sided Warbler,Setophaga pensylvanica,CONFIRMED,M A,"Jamaica Bay Wildlife Refuge--East Pond, Queens, New York, United States","Jul 01, 2025 10:45"
Yellow-throated Warbler,Setophaga dominica,CONFIRMED,Sam Younger,"6480 Park Rd, Castile US-NY 42.58642, -78.04333, Wyoming, New York, United States","Jul 02, 2025 06:33"
Yellow-throated Warbler,Setophaga dominica,CONFIRMED,Sam Younger,"6480 Park Road, Castile, New York, US (42.586, -78.044), Wyoming, New York, United States","Jun 29, 2025 11:18"
Yellow-throated Warbler,Setophaga dominica,CONFIRMED,Jonathan Green,"6480 Park Road, Castile, New York, US (42.586, -78.044), Wyoming, New York, United States","Jun 29, 2025 07:30"
Yellow-throated Warbler,Setophaga dominica,UNCONFIRMED,Jonathan Green,"6484 Park Road, Castile, New York, US (42.586, -78.042), Wyoming, New York, United States","Jul 03, 2025 12:17"
Yellow-throated Warbler,Setophaga dominica,UNCONFIRMED,Jonathan Green,"Letchworth SP - Council Grounds, Wyoming, New York, United States","Jul 03, 2025 06:15"
Yellow-throated Warbler,Setophaga dominica,CONFIRMED,Jonathan Green,"Letchworth SP -- Council Grounds, Castile NY, Wyoming, New York, United States","Jun 28, 2025 16:24"
Yellow-throated Warbler,Setophaga dominica,CONFIRMED,bat mclellan 🦇,"Letchworth SP--Council Grounds (42.586, -78.044), Wyoming, New York, United States","Jun 28, 2025 18:25"
Yellow-throated Warbler,Setophaga dominica,CONFIRMED,bat mclellan 🦇,"Letchworth SP--Glen Iris Inn, Wyoming, New York, United States","Jun 29, 2025 06:54"
Yellow-throated Warbler,Setophaga dominica,CONFIRMED,Julius Marinov,"Letchworth SP--Glen Iris Inn, Wyoming, New York, United States","Jun 29, 2025 06:54"
Yellow-throated Warbler,Setophaga dominica,CONFIRMED,Julius Marinov,"Park Rd, Castile US-NY 42.58799, -78.03767, Wyoming, New York, United States","Jun 29, 2025 08:03"
Yellow-throated Warbler,Setophaga dominica,CONFIRMED,David Bohrer,"Park Rd, Castile US-NY 42.58799, -78.03767, Wyoming, New York, United States","Jun 29, 2025 08:03"
Yellow-throated Warbler,Setophaga dominica,CONFIRMED,David Bohrer,"Trout Pond Rd, Castile US-NY 42.58803, -78.03825, Wyoming, New York, United States","Jun 29, 2025 08:22"
Wilson's Warbler,Cardellina pusilla,UNCONFIRMED,Jill Bohrer,"Adirondak Loj, Essex, New York, United States","Jul 02, 2025 04:55"
Blue Grosbeak,Passerina caerulea,CONFIRMED,Jill Bohrer,"Wildwood State Park, Calverton US-NY (40.9551,-72.7899), Suffolk, New York, United States","Jun 29, 2025 14:18"
Dickcissel,Spiza americana,CONFIRMED,Christopher Butterfield,"Gosnell Big Woods Preserve—field, Monroe, New York, United States","Jul 03, 2025 11:22"
Dickcissel,Spiza americana,CONFIRMED,Christopher Butterfield,"Gosnell Big Woods Preserve—field, Monroe, New York, United States","Jul 03, 2025 11:01"
Dickcissel,Spiza americana,CONFIRMED,David Chandler,"Gosnell Big Woods Preserve—field, Monroe, New York, United States","Jul 03, 2025 10:45"
Dickcissel,Spiza americana,CONFIRMED,David Chandler,"Gosnell Big Woods Preserve—field, Monroe, New York, United States","Jul 03, 2025 10:31"
Dickcissel,Spiza americana,CONFIRMED,Gail Benson,"Gosnell Big Woods Preserve—field, Monroe, New York, United States","Jul 03, 2025 10:12"
Dickcissel,Spiza americana,CONFIRMED,Gail Benson,"Gosnell Big Woods Preserve—field, Monroe, New York, United States","Jul 03, 2025 09:38"
Dickcissel,Spiza americana,CONFIRMED,Barbara Clise,"Gosnell Big Woods Preserve—field, Monroe, New York, United States","Jul 03, 2025 09:00"
Dickcissel,Spiza americana,CONFIRMED,Barbara Clise,"Gosnell Big Woods Preserve—field, Monroe, New York, United States","Jul 03, 2025 08:28"
Dickcissel,Spiza americana,CONFIRMED,Cora Marie Taningco,"Gosnell Big Woods Preserve—field, Monroe, New York, United States","Jul 03, 2025 08:01"
Dickcissel,Spiza americana,CONFIRMED,Cora Marie Taningco,"Gosnell Big Woods Preserve—field, Monroe, New York, United States","Jul 03, 2025 07:30"
Dickcissel,Spiza americana,CONFIRMED,Dan Hughes,"Gosnell Big Woods Preserve—field, Monroe, New York, United States","Jul 03, 2025 06:59"
Dickcissel,Spiza americana,CONFIRMED,Dan Hughes,"Gosnell Big Woods Preserve—field, Monroe, New York, United States","Jul 03, 2025 06:57"
Dickcissel,Spiza americana,CONFIRMED,Hans Kunze,"Gosnell Big Woods Preserve—field, Monroe, New York, United States","Jul 02, 2025 18:52"
Dickcissel,Spiza americana,CONFIRMED,Hans Kunze,"Gosnell Big Woods Preserve—field, Monroe, New York, United States","Jul 02, 2025 18:42"
Dickcissel,Spiza americana,CONFIRMED,Hans Kunze,"Gosnell Big Woods Preserve—field, Monroe, New York, United States","Jul 02, 2025 13:38"
